start_timestamp,end_timestamp,cry_status,cry_duration,temperature,wet_status
2025-12-07 16:02:00,2025-12-07 16:03:47,No,0,20,No
2025-12-12 04:29:00,2025-12-12 04:31:11,Yes,131,21,Yes
2026-01-20 02:17:00,2026-01-20 02:21:41,Yes,281,20,Yes
2026-01-16 23:28:00,2026-01-16 23:30:44,No,0,22,No
2026-02-01 18:06:00,2026-02-01 18:08:02,No,0,22,No
2026-02-02 16:43:00,2026-02-02 16:46:50,No,0,30,No
2025-10-25 07:28:00,2025-10-25 07:29:27,No,0,28,No
2025-12-23 08:26:00,2025-12-23 08:30:07,Yes,247,20,No
2025-12-21 22:32:00,2025-12-21 22:33:28,No,0,27,Yes
2026-02-01 16:41:00,2026-02-01 16:45:00,Yes,240,15,No
2025-12-08 17:19:00,2025-12-08 17:21:20,No,0,16,No
2025-12-06 23:02:00,2025-12-06 23:05:12,No,0,27,No
2026-01-17 13:36:00,2026-01-17 13:38:43,Yes,163,23,No
2025-11-26 11:35:00,2025-11-26 11:35:53,No,0,29,No
2025-11-26 19:32:00,2025-11-26 19:33:55,Yes,115,18,No
2025-11-03 20:38:00,2025-11-03 20:38:40,Yes,40,27,Yes
2025-12-25 12:02:00,2025-12-25 12:03:02,Yes,62,21,No
2026-02-15 06:46:00,2026-02-15 06:47:50,No,0,22,No
2025-11-11 12:45:00,2025-11-11 12:48:19,No,0,21,Yes
2025-10-04 01:13:00,2025-10-04 01:13:40,Yes,40,27,No
2025-10-11 05:21:00,2025-10-11 05:23:54,No,0,15,Yes
2025-12-03 01:09:00,2025-12-03 01:11:49,Yes,169,27,No
2025-11-03 09:12:00,2025-11-03 09:13:13,Yes,73,17,No
2025-10-06 00:30:00,2025-10-06 00:31:47,Yes,107,27,Yes
2025-12-19 11:02:00,2025-12-19 11:06:07,Yes,247,24,No
2026-01-26 06:55:00,2026-01-26 06:56:21,No,0,30,No
2025-12-14 14:39:00,2025-12-14 14:40:17,Yes,77,28,No
2026-02-01 09:42:00,2026-02-01 09:46:49,Yes,289,27,Yes
2026-02-05 13:26:00,2026-02-05 13:29:40,Yes,220,29,Yes
2026-02-25 00:50:00,2026-02-25 00:53:53,Yes,233,29,No
2026-01-31 19:13:00,2026-01-31 19:14:25,No,0,25,Yes
2025-10-22 03:15:00,2025-10-22 03:16:56,Yes,116,30,Yes
2025-10-22 04:49:00,2025-10-22 04:52:56,No,0,22,Yes
2026-02-04 08:36:00,2026-02-04 08:40:00,No,0,25,Yes
2025-10-10 10:58:00,2025-10-10 11:01:58,Yes,238,23,Yes
2026-02-21 16:40:00,2026-02-21 16:44:45,No,0,22,No
2026-01-27 16:29:00,2026-01-27 16:33:53,Yes,293,18,No
2025-10-20 12:49:00,2025-10-20 12:50:35,Yes,95,20,Yes
2025-11-12 06:44:00,2025-11-12 06:48:14,Yes,254,16,No
2026-02-04 05:49:00,2026-02-04 05:53:58,No,0,19,No
2026-01-11 00:18:00,2026-01-11 00:21:01,Yes,181,28,No
2025-12-09 17:50:00,2025-12-09 17:53:15,No,0,20,Yes
2025-12-14 17:51:00,2025-12-14 17:53:14,No,0,23,No
2026-01-27 07:11:00,2026-01-27 07:14:19,Yes,199,20,No
2025-10-03 10:50:00,2025-10-03 10:54:03,Yes,243,19,No
2025-10-18 00:11:00,2025-10-18 00:14:09,Yes,189,21,Yes
2026-02-15 15:39:00,2026-02-15 15:42:19,Yes,199,16,No
2025-11-10 02:16:00,2025-11-10 02:19:29,Yes,209,26,Yes
2025-11-19 09:22:00,2025-11-19 09:24:55,No,0,24,No
2026-01-12 08:41:00,2026-01-12 08:43:13,Yes,133,19,Yes
2025-11-25 09:33:00,2025-11-25 09:35:01,No,0,18,Yes
2026-02-11 20:02:00,2026-02-11 20:05:46,No,0,23,No
2025-11-23 05:44:00,2025-11-23 05:44:31,Yes,31,21,Yes
2025-11-07 04:53:00,2025-11-07 04:54:54,No,0,15,No
2025-10-20 01:46:00,2025-10-20 01:47:40,No,0,28,No
2025-12-23 10:19:00,2025-12-23 10:23:46,Yes,286,22,No
2026-01-05 13:09:00,2026-01-05 13:13:32,No,0,24,No
2026-02-13 02:40:00,2026-02-13 02:42:19,Yes,139,23,Yes
2026-01-20 19:07:00,2026-01-20 19:11:16,No,0,23,Yes
2026-02-20 14:51:00,2026-02-20 14:54:28,Yes,208,15,No
2026-01-28 22:52:00,2026-01-28 22:55:27,No,0,21,Yes
2026-01-06 12:46:00,2026-01-06 12:48:01,Yes,121,21,No
2026-01-01 17:57:00,2026-01-01 17:59:09,Yes,129,24,No
2025-10-25 12:35:00,2025-10-25 12:37:39,Yes,159,23,Yes
2025-12-10 21:54:00,2025-12-10 21:58:35,No,0,16,No
2025-12-10 21:20:00,2025-12-10 21:20:59,Yes,59,30,No
2026-02-03 05:55:00,2026-02-03 05:59:32,Yes,272,16,No
2025-10-08 20:55:00,2025-10-08 20:56:48,Yes,108,19,Yes
2026-01-16 04:04:00,2026-01-16 04:04:58,No,0,16,No
2025-10-25 18:34:00,2025-10-25 18:36:52,Yes,172,15,No
2025-12-21 05:46:00,2025-12-21 05:49:37,Yes,217,27,No
2025-10-16 02:13:00,2025-10-16 02:15:08,Yes,128,23,Yes
2025-11-14 15:08:00,2025-11-14 15:08:52,No,0,21,No
2025-11-14 21:41:00,2025-11-14 21:41:31,No,0,23,No
2025-10-31 11:39:00,2025-10-31 11:43:28,Yes,268,29,Yes
2025-10-30 03:05:00,2025-10-30 03:07:03,Yes,123,20,No
2025-10-06 05:46:00,2025-10-06 05:46:35,Yes,35,26,No
2025-10-21 08:25:00,2025-10-21 08:28:07,Yes,187,19,No
2025-10-14 12:56:00,2025-10-14 12:58:56,Yes,176,23,Yes
2026-02-22 10:46:00,2026-02-22 10:50:01,Yes,241,21,No
2025-11-21 06:02:00,2025-11-21 06:05:01,No,0,29,No
2025-10-24 16:43:00,2025-10-24 16:46:31,No,0,26,No
2025-11-13 01:15:00,2025-11-13 01:18:47,Yes,227,21,No
2025-12-28 22:03:00,2025-12-28 22:05:57,Yes,177,25,No
2025-10-24 17:31:00,2025-10-24 17:33:17,No,0,21,No
2025-12-06 01:04:00,2025-12-06 01:05:29,Yes,89,30,Yes
2026-01-28 20:01:00,2026-01-28 20:04:15,No,0,27,Yes
2025-12-22 23:56:00,2025-12-22 23:57:23,No,0,15,Yes
2026-01-16 16:13:00,2026-01-16 16:16:21,No,0,18,Yes
2025-12-31 10:27:00,2025-12-31 10:28:53,No,0,20,Yes
2026-01-21 21:02:00,2026-01-21 21:06:23,No,0,27,No
2025-12-02 08:37:00,2025-12-02 08:40:41,No,0,30,No
2025-12-16 01:22:00,2025-12-16 01:24:29,Yes,149,28,No
2025-12-08 19:42:00,2025-12-08 19:45:55,Yes,235,20,Yes
2025-12-16 20:22:00,2025-12-16 20:26:58,Yes,298,19,Yes
2025-12-25 01:50:00,2025-12-25 01:51:16,No,0,19,No
2026-01-26 13:30:00,2026-01-26 13:31:54,No,0,15,Yes
2025-11-21 05:52:00,2025-11-21 05:55:04,No,0,17,Yes
2025-11-30 06:56:00,2025-11-30 07:00:13,Yes,253,22,Yes
2026-02-20 12:46:00,2026-02-20 12:46:32,No,0,20,No
2025-10-26 16:04:00,2025-10-26 16:07:51,Yes,231,30,No
2026-01-27 08:17:00,2026-01-27 08:18:19,No,0,19,No
2025-11-04 13:38:00,2025-11-04 13:41:17,No,0,28,No
2026-02-14 02:26:00,2026-02-14 02:29:27,No,0,15,Yes
2025-11-15 08:01:00,2025-11-15 08:04:38,No,0,25,Yes
2026-01-10 02:38:00,2026-01-10 02:40:27,Yes,147,30,Yes
2025-10-12 07:12:00,2025-10-12 07:15:04,No,0,17,No
2026-01-07 22:19:00,2026-01-07 22:21:02,No,0,19,No
2025-12-19 13:12:00,2025-12-19 13:16:36,Yes,276,23,No
2025-11-15 05:34:00,2025-11-15 05:37:53,Yes,233,29,Yes
2025-12-28 23:25:00,2025-12-28 23:26:21,No,0,15,Yes
2025-12-21 04:23:00,2025-12-21 04:27:49,No,0,29,Yes
2026-02-02 22:19:00,2026-02-02 22:22:55,No,0,16,No
2026-01-17 08:49:00,2026-01-17 08:50:29,No,0,26,No
2025-12-25 18:15:00,2025-12-25 18:18:36,Yes,216,20,No
2026-02-14 13:05:00,2026-02-14 13:06:10,Yes,70,15,No
2025-12-06 06:44:00,2025-12-06 06:48:53,No,0,28,Yes
2026-01-27 09:36:00,2026-01-27 09:36:50,Yes,50,30,No
2026-01-02 01:42:00,2026-01-02 01:45:39,No,0,28,No
2025-12-15 00:48:00,2025-12-15 00:50:46,Yes,166,24,No
2026-01-15 00:35:00,2026-01-15 00:39:18,No,0,24,Yes
2025-10-29 12:11:00,2025-10-29 12:11:48,No,0,22,Yes
2025-10-22 18:15:00,2025-10-22 18:16:18,Yes,78,19,No
2026-01-19 09:22:00,2026-01-19 09:25:26,No,0,22,No
2025-10-11 02:36:00,2025-10-11 02:39:17,No,0,16,Yes
2025-10-26 13:02:00,2025-10-26 13:06:52,Yes,292,25,No
2026-01-17 13:40:00,2026-01-17 13:40:41,Yes,41,23,Yes
2026-01-19 03:58:00,2026-01-19 04:00:08,No,0,24,Yes
2025-10-13 12:46:00,2025-10-13 12:50:32,Yes,272,28,No
2025-11-17 09:26:00,2025-11-17 09:30:46,Yes,286,27,Yes
2025-12-12 09:18:00,2025-12-12 09:18:32,No,0,21,Yes
2026-01-15 22:25:00,2026-01-15 22:26:36,No,0,23,No
2025-12-21 03:18:00,2025-12-21 03:20:23,Yes,143,15,No
2025-11-26 02:10:00,2025-11-26 02:12:57,No,0,28,No
2026-02-16 13:16:00,2026-02-16 13:20:33,Yes,273,25,No
2025-12-21 11:49:00,2025-12-21 11:53:17,Yes,257,29,No
2025-11-23 18:10:00,2025-11-23 18:11:57,No,0,23,No
2025-10-09 22:33:00,2025-10-09 22:34:10,No,0,26,Yes
2025-11-23 18:04:00,2025-11-23 18:07:39,No,0,24,No
2026-01-24 23:01:00,2026-01-24 23:05:29,Yes,269,19,Yes
2025-12-30 19:16:00,2025-12-30 19:20:10,No,0,15,No
2026-02-20 16:45:00,2026-02-20 16:47:30,No,0,19,No
2025-11-01 03:18:00,2025-11-01 03:21:52,Yes,232,21,Yes
2026-02-24 09:52:00,2026-02-24 09:54:01,Yes,121,27,No
2025-12-30 07:25:00,2025-12-30 07:29:04,No,0,25,No
2025-10-28 22:40:00,2025-10-28 22:43:12,No,0,22,No
2026-02-04 15:50:00,2026-02-04 15:52:56,No,0,20,Yes
2026-01-11 09:50:00,2026-01-11 09:50:31,No,0,29,Yes
2025-10-26 13:05:00,2025-10-26 13:09:04,No,0,28,Yes
2025-10-08 21:07:00,2025-10-08 21:09:24,Yes,144,17,No
2025-10-06 11:05:00,2025-10-06 11:07:37,Yes,157,30,Yes
2026-01-03 00:46:00,2026-01-03 00:49:49,Yes,229,20,No
2026-01-03 08:10:00,2026-01-03 08:11:59,No,0,21,No
2025-11-03 10:00:00,2025-11-03 10:01:03,Yes,63,21,No
2026-01-26 08:21:00,2026-01-26 08:25:17,Yes,257,20,No
2026-02-06 21:53:00,2026-02-06 21:54:26,No,0,20,Yes
2026-01-27 02:23:00,2026-01-27 02:23:33,Yes,33,28,No
2026-01-07 02:24:00,2026-01-07 02:28:03,No,0,18,Yes
2026-01-21 16:24:00,2026-01-21 16:25:00,No,0,27,Yes
2026-01-02 13:38:00,2026-01-02 13:42:51,No,0,28,Yes
2025-10-27 04:58:00,2025-10-27 05:00:44,Yes,164,20,No
2026-01-14 22:24:00,2026-01-14 22:27:23,Yes,203,22,No
2025-11-23 09:01:00,2025-11-23 09:02:19,No,0,17,No
2026-02-03 08:21:00,2026-02-03 08:23:43,No,0,24,No
2025-12-24 15:22:00,2025-12-24 15:24:42,No,0,16,Yes
2025-11-07 17:48:00,2025-11-07 17:50:57,Yes,177,22,No
2026-02-22 12:22:00,2026-02-22 12:24:59,No,0,20,No
2026-01-30 15:00:00,2026-01-30 15:03:00,Yes,180,19,Yes
2025-12-14 13:06:00,2025-12-14 13:08:41,Yes,161,15,Yes
2026-02-27 10:20:00,2026-02-27 10:21:45,Yes,105,23,No
2026-02-08 17:38:00,2026-02-08 17:41:57,No,0,20,No
2025-11-09 20:02:00,2025-11-09 20:06:46,No,0,26,No
2026-02-02 22:07:00,2026-02-02 22:08:56,No,0,20,No
2026-01-06 00:29:00,2026-01-06 00:30:03,No,0,22,No
2025-11-22 07:39:00,2025-11-22 07:40:46,No,0,18,Yes
2025-12-31 17:01:00,2025-12-31 17:05:25,Yes,265,22,Yes
2026-01-02 22:40:00,2026-01-02 22:40:46,No,0,18,No
2026-02-07 02:17:00,2026-02-07 02:19:48,Yes,168,16,No
2026-02-23 17:50:00,2026-02-23 17:52:36,Yes,156,23,Yes
2025-12-02 07:47:00,2025-12-02 07:51:23,Yes,263,16,No
2026-02-19 09:28:00,2026-02-19 09:29:16,Yes,76,17,Yes
2026-02-11 10:20:00,2026-02-11 10:21:01,Yes,61,22,Yes
2026-02-27 19:50:00,2026-02-27 19:54:34,No,0,18,Yes
2025-12-21 21:38:00,2025-12-21 21:39:07,Yes,67,30,Yes
2026-01-22 02:50:00,2026-01-22 02:54:33,Yes,273,18,Yes
2026-02-02 10:14:00,2026-02-02 10:14:34,No,0,18,No
2025-11-19 20:06:00,2025-11-19 20:10:23,Yes,263,23,No
2025-12-09 16:48:00,2025-12-09 16:50:00,No,0,30,No
2025-12-16 09:01:00,2025-12-16 09:03:37,No,0,23,No
2026-01-21 03:48:00,2026-01-21 03:50:03,No,0,15,No
2026-02-08 16:03:00,2026-02-08 16:07:43,Yes,283,20,Yes
2026-01-19 22:58:00,2026-01-19 23:01:05,Yes,185,29,No
2026-02-15 06:14:00,2026-02-15 06:16:09,Yes,129,22,Yes
2025-12-18 17:07:00,2025-12-18 17:10:06,No,0,30,Yes
2025-12-16 20:48:00,2025-12-16 20:50:17,Yes,137,25,Yes
2025-11-19 13:31:00,2025-11-19 13:32:57,Yes,117,20,No
2026-02-10 16:10:00,2026-02-10 16:14:03,No,0,22,No
2026-01-29 10:21:00,2026-01-29 10:24:39,Yes,219,24,No
2025-12-30 10:45:00,2025-12-30 10:49:20,No,0,28,No
2026-01-15 00:11:00,2026-01-15 00:14:56,Yes,236,28,No
2025-11-05 15:35:00,2025-11-05 15:37:50,Yes,170,21,Yes
2025-12-05 10:03:00,2025-12-05 10:06:41,Yes,221,25,No
2026-01-06 11:07:00,2026-01-06 11:09:12,Yes,132,29,No
2025-10-28 02:32:00,2025-10-28 02:34:34,Yes,154,25,No
2026-01-29 01:34:00,2026-01-29 01:37:49,No,0,22,No
2026-02-28 12:48:00,2026-02-28 12:49:00,Yes,60,16,No
2025-12-10 18:21:00,2025-12-10 18:24:39,No,0,24,Yes
2026-01-29 04:35:00,2026-01-29 04:36:07,No,0,28,Yes
2025-11-08 20:07:00,2025-11-08 20:10:03,Yes,183,17,No
2025-12-02 11:11:00,2025-12-02 11:13:43,No,0,15,Yes
2025-10-18 23:52:00,2025-10-18 23:55:10,No,0,29,Yes
2025-11-17 10:57:00,2025-11-17 11:01:29,Yes,269,29,No
2025-12-25 06:47:00,2025-12-25 06:49:42,No,0,15,Yes
2025-10-31 21:55:00,2025-10-31 21:59:00,No,0,27,No
2025-10-13 18:02:00,2025-10-13 18:03:00,No,0,15,No
2025-10-09 17:12:00,2025-10-09 17:15:17,No,0,24,No
2025-10-18 02:34:00,2025-10-18 02:35:17,Yes,77,20,Yes
2026-02-24 15:59:00,2026-02-24 16:01:07,Yes,127,28,No
2026-01-28 15:24:00,2026-01-28 15:25:47,No,0,17,Yes
2026-02-25 11:35:00,2026-02-25 11:39:22,No,0,15,No
2026-02-25 10:01:00,2026-02-25 10:01:33,No,0,15,Yes
2025-11-27 11:00:00,2025-11-27 11:04:08,Yes,248,23,Yes
2026-02-27 23:01:00,2026-02-27 23:04:17,No,0,21,No
2026-02-25 05:12:00,2026-02-25 05:14:06,Yes,126,21,No
2025-11-16 03:26:00,2025-11-16 03:26:43,Yes,43,19,No
2025-10-18 11:10:00,2025-10-18 11:13:11,Yes,191,21,Yes
2025-12-17 05:34:00,2025-12-17 05:38:07,No,0,22,Yes
2025-12-30 00:55:00,2025-12-30 00:56:40,No,0,18,No
2025-10-07 15:09:00,2025-10-07 15:11:16,No,0,16,No
2026-01-21 13:37:00,2026-01-21 13:39:11,Yes,131,27,Yes
2025-10-24 05:58:00,2025-10-24 06:02:49,Yes,289,20,Yes
2025-10-31 16:41:00,2025-10-31 16:44:33,No,0,28,Yes
2025-11-23 03:05:00,2025-11-23 03:09:49,No,0,30,No
2026-02-08 03:49:00,2026-02-08 03:53:23,Yes,263,15,No
2026-01-16 13:39:00,2026-01-16 13:40:21,No,0,26,No
2025-10-17 14:49:00,2025-10-17 14:52:03,Yes,183,17,No
2026-01-29 00:32:00,2026-01-29 00:34:50,No,0,16,Yes
2025-12-03 06:03:00,2025-12-03 06:03:34,Yes,34,19,Yes
2026-01-29 01:19:00,2026-01-29 01:20:01,Yes,61,24,No
2026-01-15 05:22:00,2026-01-15 05:26:04,Yes,244,20,Yes
2025-11-16 12:27:00,2025-11-16 12:28:26,Yes,86,15,No
2025-11-22 10:26:00,2025-11-22 10:29:56,No,0,23,No
2025-10-08 00:52:00,2025-10-08 00:55:19,Yes,199,30,Yes
2025-11-06 13:54:00,2025-11-06 13:54:53,No,0,20,Yes
2025-10-26 00:30:00,2025-10-26 00:33:28,Yes,208,17,No
2025-10-17 03:50:00,2025-10-17 03:54:33,No,0,28,No
2025-11-04 20:35:00,2025-11-04 20:35:30,No,0,30,No
2025-12-05 04:22:00,2025-12-05 04:25:15,No,0,18,No
2026-02-04 19:29:00,2026-02-04 19:31:10,Yes,130,22,Yes
2025-11-06 07:41:00,2025-11-06 07:42:12,Yes,72,27,No
2025-10-27 08:31:00,2025-10-27 08:33:25,No,0,20,No
2025-12-24 15:46:00,2025-12-24 15:50:56,No,0,19,No
2026-01-17 12:47:00,2026-01-17 12:48:44,Yes,104,27,Yes
2025-11-20 06:13:00,2025-11-20 06:13:37,Yes,37,16,Yes
2025-11-11 13:32:00,2025-11-11 13:35:15,Yes,195,30,No
2025-12-28 06:24:00,2025-12-28 06:27:57,No,0,21,No
2025-12-07 18:37:00,2025-12-07 18:41:15,Yes,255,23,No
2025-12-26 06:21:00,2025-12-26 06:23:40,No,0,30,No
2025-10-25 22:48:00,2025-10-25 22:51:25,No,0,17,No
2026-01-18 21:55:00,2026-01-18 21:55:43,Yes,43,18,Yes
2026-01-26 03:47:00,2026-01-26 03:48:31,No,0,19,No
2025-12-18 15:26:00,2025-12-18 15:30:13,Yes,253,20,No
2026-02-08 06:39:00,2026-02-08 06:40:42,Yes,102,15,Yes
2025-12-30 17:56:00,2025-12-30 17:57:47,Yes,107,26,Yes
2026-02-13 05:41:00,2026-02-13 05:44:41,Yes,221,18,Yes
2025-11-27 05:11:00,2025-11-27 05:15:07,Yes,247,23,Yes
2026-01-11 10:07:00,2026-01-11 10:10:49,No,0,30,No
2025-12-22 04:38:00,2025-12-22 04:41:03,Yes,183,17,No
2026-02-20 22:48:00,2026-02-20 22:51:09,Yes,189,17,Yes
2026-01-14 04:47:00,2026-01-14 04:48:43,No,0,20,Yes
2026-01-09 05:26:00,2026-01-09 05:30:04,No,0,21,Yes
2025-12-29 02:24:00,2025-12-29 02:26:25,No,0,19,No
2025-11-01 19:59:00,2025-11-01 20:00:47,Yes,107,29,Yes
2025-12-10 11:10:00,2025-12-10 11:10:35,Yes,35,24,Yes
2026-01-29 07:55:00,2026-01-29 07:59:14,No,0,18,No
2025-11-09 02:24:00,2025-11-09 02:27:24,No,0,16,No
2025-12-05 03:51:00,2025-12-05 03:55:28,No,0,20,No
2025-12-14 07:40:00,2025-12-14 07:44:57,Yes,297,17,No
2025-12-01 22:41:00,2025-12-01 22:45:43,No,0,28,Yes
2025-10-27 09:33:00,2025-10-27 09:35:51,No,0,25,No
2025-12-04 12:10:00,2025-12-04 12:11:12,Yes,72,18,No
2025-12-02 19:59:00,2025-12-02 20:03:43,Yes,283,28,No
2025-10-27 16:39:00,2025-10-27 16:42:42,No,0,16,Yes
2025-10-26 19:38:00,2025-10-26 19:39:18,Yes,78,22,No
2026-02-26 22:57:00,2026-02-26 23:01:05,No,0,16,No
2026-01-21 15:43:00,2026-01-21 15:47:57,Yes,297,27,No
2025-10-07 07:22:00,2025-10-07 07:24:02,Yes,122,25,Yes
2025-12-14 14:04:00,2025-12-14 14:04:44,No,0,23,No
2025-12-28 12:01:00,2025-12-28 12:03:37,No,0,29,Yes
2025-12-23 15:38:00,2025-12-23 15:40:44,Yes,164,21,No
2026-01-11 11:53:00,2026-01-11 11:54:58,No,0,17,No
2025-12-30 21:02:00,2025-12-30 21:04:26,No,0,24,Yes
2025-10-24 21:49:00,2025-10-24 21:52:57,No,0,30,Yes
2026-01-06 06:54:00,2026-01-06 06:56:45,No,0,26,No
2026-01-21 12:20:00,2026-01-21 12:21:51,Yes,111,25,Yes
2025-10-29 06:28:00,2025-10-29 06:31:08,No,0,20,No
2025-10-20 06:46:00,2025-10-20 06:47:17,Yes,77,27,No
2025-11-07 11:36:00,2025-11-07 11:39:31,No,0,19,No
2025-10-27 10:01:00,2025-10-27 10:02:12,No,0,22,No
2025-10-11 08:23:00,2025-10-11 08:24:49,No,0,15,No
2025-11-27 23:43:00,2025-11-27 23:45:22,Yes,142,22,No
2025-11-25 04:57:00,2025-11-25 04:57:36,No,0,22,Yes
2026-02-01 14:58:00,2026-02-01 15:02:02,Yes,242,28,Yes
2026-02-10 19:49:00,2026-02-10 19:52:54,No,0,23,No
2025-12-07 14:43:00,2025-12-07 14:46:39,No,0,22,No
2026-02-16 12:11:00,2026-02-16 12:12:09,Yes,69,25,Yes
2026-02-15 19:45:00,2026-02-15 19:46:35,Yes,95,30,No
2025-10-27 20:37:00,2025-10-27 20:39:26,No,0,22,No
2025-12-08 19:36:00,2025-12-08 19:36:57,No,0,29,No
2026-01-20 02:12:00,2026-01-20 02:13:57,Yes,117,29,Yes
2025-12-28 16:16:00,2025-12-28 16:17:45,Yes,105,26,Yes
2025-12-10 19:26:00,2025-12-10 19:28:39,Yes,159,30,No
2025-11-04 13:31:00,2025-11-04 13:33:20,No,0,24,No
2025-12-24 07:56:00,2025-12-24 08:00:50,No,0,19,No
2025-10-02 20:48:00,2025-10-02 20:48:57,No,0,18,Yes
2025-10-17 18:04:00,2025-10-17 18:08:01,Yes,241,21,Yes
2025-11-15 06:11:00,2025-11-15 06:11:45,No,0,18,No
2025-10-23 03:12:00,2025-10-23 03:15:56,No,0,28,No
2026-01-30 04:43:00,2026-01-30 04:46:25,Yes,205,18,No
2025-12-30 06:03:00,2025-12-30 06:07:10,No,0,30,Yes
2025-11-17 08:53:00,2025-11-17 08:56:55,Yes,235,22,No
2025-10-21 11:35:00,2025-10-21 11:39:21,Yes,261,23,Yes
2025-10-16 19:00:00,2025-10-16 19:01:00,No,0,18,Yes
2025-10-01 18:03:00,2025-10-01 18:03:36,Yes,36,25,No
2025-12-18 00:56:00,2025-12-18 00:59:41,Yes,221,20,Yes
2026-02-05 06:12:00,2026-02-05 06:14:21,No,0,18,Yes
2026-01-04 19:35:00,2026-01-04 19:37:00,No,0,20,Yes
2026-01-22 01:02:00,2026-01-22 01:02:49,Yes,49,24,No
2025-10-28 11:54:00,2025-10-28 11:56:02,Yes,122,18,No
2025-11-19 20:35:00,2025-11-19 20:36:49,No,0,29,No
2026-01-23 03:58:00,2026-01-23 03:59:03,No,0,22,No
2025-11-06 08:10:00,2025-11-06 08:14:41,Yes,281,27,Yes
2025-12-31 02:00:00,2025-12-31 02:04:35,Yes,275,17,No
2026-02-12 19:13:00,2026-02-12 19:17:57,No,0,21,No
2025-12-22 04:37:00,2025-12-22 04:41:19,Yes,259,24,No
2026-01-12 14:51:00,2026-01-12 14:54:43,Yes,223,30,Yes
2026-02-03 03:33:00,2026-02-03 03:36:14,No,0,27,No
2026-02-05 09:48:00,2026-02-05 09:48:58,Yes,58,21,Yes
2025-12-18 20:03:00,2025-12-18 20:04:58,No,0,16,Yes
2025-10-13 10:20:00,2025-10-13 10:23:47,Yes,227,26,Yes
2026-01-20 17:21:00,2026-01-20 17:25:58,Yes,298,26,Yes
2025-11-24 03:22:00,2025-11-24 03:26:24,Yes,264,22,No
2025-10-19 06:56:00,2025-10-19 07:00:43,Yes,283,15,Yes
2026-01-06 07:01:00,2026-01-06 07:02:29,No,0,15,Yes
2025-12-24 06:02:00,2025-12-24 06:05:49,Yes,229,26,No
2025-10-12 05:19:00,2025-10-12 05:20:42,Yes,102,23,No
2026-02-24 21:22:00,2026-02-24 21:25:08,Yes,188,23,No
2025-10-03 14:11:00,2025-10-03 14:15:01,No,0,23,Yes
2026-02-02 08:39:00,2026-02-02 08:39:35,No,0,16,No
2025-11-02 22:37:00,2025-11-02 22:39:24,Yes,144,18,Yes
2025-11-10 16:40:00,2025-11-10 16:41:04,Yes,64,25,Yes
2025-12-05 23:14:00,2025-12-05 23:17:53,No,0,24,No
2026-02-23 08:55:00,2026-02-23 08:56:25,Yes,85,27,Yes
2025-10-23 18:56:00,2025-10-23 19:00:44,Yes,284,19,Yes
2026-01-29 16:20:00,2026-01-29 16:21:25,Yes,85,22,Yes
2026-01-08 06:17:00,2026-01-08 06:18:12,Yes,72,22,No
2026-01-03 14:57:00,2026-01-03 14:58:43,No,0,16,Yes
2025-11-23 10:51:00,2025-11-23 10:51:52,Yes,52,19,No
2025-12-04 05:59:00,2025-12-04 06:02:29,No,0,21,Yes
2026-01-09 12:58:00,2026-01-09 12:59:48,No,0,17,Yes
2025-11-17 21:24:00,2025-11-17 21:26:09,No,0,29,Yes
2026-01-21 02:22:00,2026-01-21 02:24:35,No,0,20,Yes
2026-02-18 10:50:00,2026-02-18 10:50:59,Yes,59,17,No
2026-02-10 18:14:00,2026-02-10 18:14:38,Yes,38,25,No
2025-10-10 04:53:00,2025-10-10 04:54:23,Yes,83,15,No
2025-10-01 19:12:00,2025-10-01 19:12:59,No,0,18,Yes
2025-10-10 19:14:00,2025-10-10 19:15:07,Yes,67,30,No
2025-12-12 23:24:00,2025-12-12 23:27:48,No,0,22,No
2025-12-04 11:46:00,2025-12-04 11:50:22,No,0,19,No
2026-02-15 12:17:00,2026-02-15 12:19:24,Yes,144,24,Yes
2026-01-08 08:46:00,2026-01-08 08:47:52,No,0,15,No
2025-12-16 04:54:00,2025-12-16 04:54:51,No,0,28,Yes
2026-01-11 04:16:00,2026-01-11 04:19:30,Yes,210,27,No
2026-01-15 15:43:00,2026-01-15 15:47:21,No,0,27,No
2026-01-02 11:31:00,2026-01-02 11:34:16,No,0,19,Yes
2025-12-02 07:24:00,2025-12-02 07:26:07,Yes,127,26,No
2026-02-18 13:56:00,2026-02-18 13:59:41,No,0,21,No
2025-11-06 16:03:00,2025-11-06 16:04:25,No,0,24,No
2025-10-14 06:48:00,2025-10-14 06:50:21,No,0,20,No
2026-02-10 14:44:00,2026-02-10 14:46:02,No,0,15,Yes
2026-01-07 19:22:00,2026-01-07 19:23:58,No,0,19,No
2026-02-25 06:45:00,2026-02-25 06:46:47,No,0,25,No
2025-12-02 04:27:00,2025-12-02 04:31:39,No,0,16,Yes
2025-10-17 02:55:00,2025-10-17 02:55:40,Yes,40,16,No
2025-10-24 10:41:00,2025-10-24 10:44:32,Yes,212,19,Yes
2025-12-18 02:15:00,2025-12-18 02:18:35,No,0,29,No
2025-12-26 05:58:00,2025-12-26 06:00:58,No,0,18,Yes
2025-11-08 05:34:00,2025-11-08 05:38:02,Yes,242,28,Yes
2026-02-21 18:51:00,2026-02-21 18:55:30,No,0,22,Yes
2025-11-07 15:11:00,2025-11-07 15:12:19,Yes,79,19,No
2026-01-30 12:56:00,2026-01-30 13:00:34,Yes,274,15,No
2026-01-21 19:57:00,2026-01-21 19:59:03,No,0,15,No
2026-02-23 11:44:00,2026-02-23 11:47:23,Yes,203,26,Yes
2025-11-15 04:36:00,2025-11-15 04:39:03,No,0,19,Yes
2025-11-20 21:38:00,2025-11-20 21:41:14,No,0,17,No
2026-02-04 00:32:00,2026-02-04 00:36:03,Yes,243,26,No
2025-11-19 17:31:00,2025-11-19 17:33:53,Yes,173,30,No
2025-11-12 01:46:00,2025-11-12 01:48:32,No,0,23,No
2026-01-19 11:31:00,2026-01-19 11:31:50,No,0,29,Yes
2025-12-25 18:49:00,2025-12-25 18:49:46,Yes,46,15,Yes
2025-12-17 12:59:00,2025-12-17 13:01:12,No,0,27,No
2025-10-10 23:43:00,2025-10-10 23:45:48,No,0,25,No
2026-02-09 14:29:00,2026-02-09 14:32:58,No,0,19,No
2025-12-06 18:51:00,2025-12-06 18:53:08,No,0,24,No
2025-10-22 15:21:00,2025-10-22 15:22:13,No,0,18,Yes
2025-11-02 03:39:00,2025-11-02 03:41:34,Yes,154,20,No
2025-10-17 05:15:00,2025-10-17 05:17:31,Yes,151,17,Yes
2025-10-04 11:38:00,2025-10-04 11:39:06,Yes,66,29,No
2025-10-28 20:54:00,2025-10-28 20:55:32,Yes,92,19,Yes
2025-10-21 06:20:00,2025-10-21 06:21:16,Yes,76,15,No
2025-11-29 07:10:00,2025-11-29 07:10:55,Yes,55,27,No
2026-02-13 06:34:00,2026-02-13 06:38:33,Yes,273,30,Yes
2026-01-29 09:49:00,2026-01-29 09:50:01,No,0,20,Yes
2025-10-21 06:00:00,2025-10-21 06:02:11,No,0,19,Yes
2025-11-01 23:59:00,2025-11-02 00:00:08,Yes,68,20,No
2025-11-28 05:32:00,2025-11-28 05:35:52,No,0,28,No
2025-11-25 14:33:00,2025-11-25 14:35:38,No,0,22,Yes
2025-12-04 09:36:00,2025-12-04 09:37:52,Yes,112,16,Yes
2026-02-04 11:44:00,2026-02-04 11:45:00,No,0,17,No
2025-10-04 23:01:00,2025-10-04 23:02:15,No,0,26,Yes
2026-02-23 08:57:00,2026-02-23 09:00:13,No,0,26,No
2026-01-03 17:03:00,2026-01-03 17:06:03,No,0,25,Yes
2025-11-28 20:02:00,2025-11-28 20:03:57,Yes,117,26,No
2026-01-28 15:45:00,2026-01-28 15:48:16,No,0,29,No
2026-01-24 05:12:00,2026-01-24 05:13:42,No,0,28,Yes
2025-11-05 10:48:00,2025-11-05 10:51:45,Yes,225,27,No
2025-10-04 14:49:00,2025-10-04 14:50:58,Yes,118,20,Yes
2025-10-25 00:33:00,2025-10-25 00:36:50,No,0,19,No
2025-12-26 06:45:00,2025-12-26 06:45:41,No,0,27,Yes
2025-12-17 18:45:00,2025-12-17 18:47:52,Yes,172,21,No
2026-02-05 14:46:00,2026-02-05 14:50:12,Yes,252,30,Yes
2025-12-30 03:37:00,2025-12-30 03:38:04,No,0,30,No
2025-11-06 08:01:00,2025-11-06 08:05:55,No,0,21,No
2026-02-03 00:26:00,2026-02-03 00:29:07,Yes,187,25,No
2026-01-18 20:52:00,2026-01-18 20:53:32,Yes,92,24,No
2026-01-04 23:30:00,2026-01-04 23:31:35,No,0,30,Yes
2025-10-05 15:15:00,2025-10-05 15:18:39,No,0,22,Yes
2025-12-23 23:29:00,2025-12-23 23:31:29,No,0,30,No
2026-02-20 11:37:00,2026-02-20 11:40:19,Yes,199,19,No
2026-02-24 07:48:00,2026-02-24 07:50:31,Yes,151,30,No
2025-10-05 10:41:00,2025-10-05 10:45:51,Yes,291,27,Yes
2025-12-22 02:46:00,2025-12-22 02:51:00,No,0,29,No
2025-10-18 15:20:00,2025-10-18 15:23:49,Yes,229,23,Yes
2026-01-02 02:00:00,2026-01-02 02:04:32,Yes,272,22,Yes
2025-12-23 12:09:00,2025-12-23 12:13:37,Yes,277,23,No
2026-02-02 10:43:00,2026-02-02 10:45:12,Yes,132,18,No
2025-10-16 06:39:00,2025-10-16 06:43:58,No,0,22,No
2026-01-17 23:54:00,2026-01-17 23:54:35,No,0,23,Yes
2025-11-06 10:06:00,2025-11-06 10:06:42,Yes,42,28,Yes
2026-01-03 15:52:00,2026-01-03 15:53:45,No,0,27,Yes
2026-01-22 10:43:00,2026-01-22 10:44:25,No,0,29,No
2025-11-20 20:42:00,2025-11-20 20:46:22,No,0,20,Yes
2025-12-22 00:34:00,2025-12-22 00:35:33,Yes,93,25,No
2026-01-03 04:50:00,2026-01-03 04:53:11,No,0,15,No
2025-12-22 13:30:00,2025-12-22 13:32:01,No,0,16,No
2025-12-22 19:18:00,2025-12-22 19:18:50,Yes,50,19,No
2025-10-17 02:19:00,2025-10-17 02:20:41,Yes,101,18,Yes
2025-11-30 03:08:00,2025-11-30 03:11:34,No,0,25,Yes
2026-01-14 11:43:00,2026-01-14 11:44:05,No,0,27,Yes
2026-02-12 14:12:00,2026-02-12 14:15:52,Yes,232,17,Yes
2026-01-23 05:25:00,2026-01-23 05:26:29,No,0,22,Yes
2025-10-15 22:00:00,2025-10-15 22:00:42,Yes,42,22,No
2025-10-11 01:26:00,2025-10-11 01:28:22,Yes,142,19,Yes
2026-02-06 10:54:00,2026-02-06 10:57:15,No,0,27,Yes
2026-02-08 09:53:00,2026-02-08 09:57:42,Yes,282,28,Yes
2025-10-11 06:49:00,2025-10-11 06:49:48,Yes,48,22,No
2025-10-02 11:55:00,2025-10-02 11:56:11,No,0,20,No
2025-11-24 05:11:00,2025-11-24 05:11:33,No,0,23,No
2026-02-08 13:15:00,2026-02-08 13:16:51,Yes,111,23,No
2025-11-20 11:09:00,2025-11-20 11:11:43,No,0,18,No
2026-01-24 00:59:00,2026-01-24 01:03:18,No,0,21,Yes
2025-10-29 01:25:00,2025-10-29 01:28:48,Yes,228,21,Yes
2026-02-23 10:11:00,2026-02-23 10:13:19,No,0,26,No
2025-10-14 22:06:00,2025-10-14 22:08:27,No,0,21,Yes
2025-12-19 00:25:00,2025-12-19 00:27:20,Yes,140,25,Yes
2026-02-05 13:15:00,2026-02-05 13:18:17,No,0,27,Yes
2026-02-03 16:23:00,2026-02-03 16:25:56,Yes,176,17,Yes
2025-10-01 01:03:00,2025-10-01 01:03:55,Yes,55,23,Yes
2025-12-17 15:11:00,2025-12-17 15:14:45,Yes,225,18,Yes
2026-01-03 07:20:00,2026-01-03 07:22:07,No,0,26,Yes
2025-12-11 14:15:00,2025-12-11 14:15:41,No,0,16,Yes
2025-12-17 04:50:00,2025-12-17 04:52:44,No,0,21,Yes
2025-10-08 16:15:00,2025-10-08 16:16:59,Yes,119,18,Yes
2025-11-30 15:32:00,2025-11-30 15:34:49,No,0,15,No
2025-10-17 23:36:00,2025-10-17 23:37:48,Yes,108,17,No
2026-01-05 01:01:00,2026-01-05 01:01:49,No,0,28,No
2026-01-14 05:58:00,2026-01-14 05:58:36,Yes,36,17,No
2025-12-12 16:21:00,2025-12-12 16:23:13,No,0,15,No
2025-11-18 08:00:00,2025-11-18 08:04:19,Yes,259,16,No
2026-02-21 23:59:00,2026-02-22 00:03:40,Yes,280,16,No
2026-01-02 03:01:00,2026-01-02 03:04:38,No,0,30,Yes
2026-01-04 22:28:00,2026-01-04 22:31:40,Yes,220,25,No
2026-01-13 05:56:00,2026-01-13 05:59:55,No,0,29,No
2025-12-14 05:02:00,2025-12-14 05:06:43,No,0,26,No
2025-10-23 20:33:00,2025-10-23 20:35:39,Yes,159,25,No
2026-01-28 15:23:00,2026-01-28 15:24:54,Yes,114,25,Yes
2025-12-27 18:26:00,2025-12-27 18:27:51,Yes,111,21,No
2025-10-21 14:18:00,2025-10-21 14:19:27,Yes,87,18,Yes
2025-12-05 18:47:00,2025-12-05 18:48:54,Yes,114,25,No
2025-10-30 11:06:00,2025-10-30 11:09:41,No,0,27,Yes
2026-02-25 11:59:00,2026-02-25 12:02:58,Yes,238,22,No
2025-11-09 23:41:00,2025-11-09 23:43:06,Yes,126,18,No
2025-11-06 02:27:00,2025-11-06 02:30:06,Yes,186,27,No
2025-11-23 18:29:00,2025-11-23 18:30:19,Yes,79,15,Yes
2025-10-08 10:05:00,2025-10-08 10:06:31,Yes,91,20,Yes
2025-10-18 08:39:00,2025-10-18 08:43:21,Yes,261,28,No
2026-01-12 00:21:00,2026-01-12 00:24:03,No,0,27,No
2025-11-23 10:22:00,2025-11-23 10:26:09,No,0,16,No
2025-10-09 17:03:00,2025-10-09 17:06:13,No,0,15,No
2026-01-30 13:05:00,2026-01-30 13:06:20,No,0,26,No
2025-10-07 12:58:00,2025-10-07 12:58:49,No,0,17,No
2025-12-04 18:33:00,2025-12-04 18:34:17,Yes,77,22,Yes
2026-01-25 12:57:00,2026-01-25 13:00:22,Yes,202,30,Yes
2025-12-22 10:34:00,2025-12-22 10:38:21,Yes,261,28,Yes
2025-10-03 23:20:00,2025-10-03 23:21:35,Yes,95,29,Yes
2026-02-06 06:11:00,2026-02-06 06:15:27,No,0,27,Yes
2025-12-04 19:59:00,2025-12-04 20:00:30,No,0,20,No
2025-12-15 05:33:00,2025-12-15 05:33:50,No,0,25,No
2025-10-29 23:26:00,2025-10-29 23:27:49,Yes,109,21,No
2026-02-02 08:30:00,2026-02-02 08:30:32,No,0,20,No
2025-10-12 10:19:00,2025-10-12 10:21:03,Yes,123,25,No
2025-11-28 15:10:00,2025-11-28 15:11:29,Yes,89,20,Yes
2025-11-03 20:39:00,2025-11-03 20:39:42,No,0,30,No
2026-01-19 00:42:00,2026-01-19 00:46:58,No,0,18,No
2026-01-30 01:08:00,2026-01-30 01:10:52,No,0,28,Yes
2025-10-17 02:58:00,2025-10-17 03:00:44,No,0,30,No
2026-02-07 08:18:00,2026-02-07 08:19:40,Yes,100,15,Yes
2025-10-23 19:28:00,2025-10-23 19:30:05,Yes,125,29,No
2026-02-20 08:58:00,2026-02-20 09:02:34,Yes,274,20,No
2025-10-30 19:06:00,2025-10-30 19:06:50,Yes,50,21,Yes
2025-12-16 04:32:00,2025-12-16 04:35:50,Yes,230,26,Yes
2026-02-08 00:24:00,2026-02-08 00:25:27,No,0,15,No
2025-11-05 10:54:00,2025-11-05 10:56:34,No,0,21,Yes
2026-01-30 16:19:00,2026-01-30 16:23:35,Yes,275,18,Yes
2026-01-08 18:52:00,2026-01-08 18:53:06,Yes,66,19,Yes
2025-10-18 16:18:00,2025-10-18 16:22:52,Yes,292,20,Yes
2026-01-14 21:21:00,2026-01-14 21:24:35,Yes,215,23,No
2025-10-16 14:44:00,2025-10-16 14:44:51,No,0,27,Yes
2025-11-19 22:55:00,2025-11-19 22:58:41,No,0,29,Yes
2025-11-02 16:21:00,2025-11-02 16:25:50,No,0,20,Yes
2026-02-11 09:49:00,2026-02-11 09:53:44,Yes,284,28,Yes
2026-01-15 02:15:00,2026-01-15 02:16:13,Yes,73,16,No
2025-12-11 13:25:00,2025-12-11 13:27:53,No,0,25,No
2026-02-15 20:39:00,2026-02-15 20:42:17,No,0,30,No
2026-01-07 23:29:00,2026-01-07 23:30:40,No,0,25,Yes
2026-02-03 11:41:00,2026-02-03 11:45:54,Yes,294,23,No
2025-12-09 09:51:00,2025-12-09 09:55:52,Yes,292,25,No
2025-12-01 19:19:00,2025-12-01 19:21:07,No,0,24,Yes
2025-12-25 17:40:00,2025-12-25 17:44:00,No,0,23,No
2025-11-18 20:55:00,2025-11-18 20:56:41,No,0,21,No
2026-02-16 18:52:00,2026-02-16 18:55:14,Yes,194,29,Yes
2025-10-31 09:56:00,2025-10-31 09:58:36,Yes,156,25,Yes
2026-02-05 12:47:00,2026-02-05 12:49:35,No,0,30,No
2026-02-23 15:40:00,2026-02-23 15:43:24,Yes,204,23,Yes
2025-12-04 04:14:00,2025-12-04 04:17:42,No,0,15,Yes
2025-11-18 08:41:00,2025-11-18 08:45:43,No,0,23,No
2025-11-20 09:04:00,2025-11-20 09:04:56,No,0,30,Yes
2026-01-30 14:55:00,2026-01-30 14:58:48,No,0,18,Yes
2025-11-16 04:11:00,2025-11-16 04:14:35,Yes,215,16,Yes
2025-12-11 03:40:00,2025-12-11 03:42:47,Yes,167,18,No
2025-11-22 01:21:00,2025-11-22 01:22:00,Yes,60,18,No
2025-12-10 09:42:00,2025-12-10 09:46:10,Yes,250,22,Yes
2026-02-24 09:06:00,2026-02-24 09:09:31,Yes,211,19,Yes
2026-02-19 19:56:00,2026-02-19 19:59:12,Yes,192,20,No
2025-11-22 18:29:00,2025-11-22 18:29:38,Yes,38,17,No
2026-02-02 04:15:00,2026-02-02 04:16:18,Yes,78,28,Yes
2025-12-01 15:41:00,2025-12-01 15:42:54,Yes,114,22,No
2025-10-28 00:06:00,2025-10-28 00:08:32,No,0,28,No
2026-01-23 07:17:00,2026-01-23 07:19:28,Yes,148,17,No
2026-01-22 15:06:00,2026-01-22 15:07:46,No,0,27,Yes
2026-02-16 09:16:00,2026-02-16 09:18:15,No,0,28,No
2025-12-22 00:42:00,2025-12-22 00:46:45,No,0,29,Yes
2026-01-04 04:55:00,2026-01-04 04:56:09,No,0,20,No
2025-11-23 07:26:00,2025-11-23 07:29:10,No,0,27,No
2025-12-03 09:55:00,2025-12-03 09:57:28,No,0,30,Yes
2026-02-22 08:19:00,2026-02-22 08:20:03,No,0,15,No
2026-02-24 11:46:00,2026-02-24 11:49:34,No,0,15,No
2026-01-20 15:12:00,2026-01-20 15:16:07,Yes,247,28,No
2025-12-29 07:48:00,2025-12-29 07:50:47,No,0,23,No
2025-11-10 05:45:00,2025-11-10 05:47:22,Yes,142,16,No
2026-01-02 01:38:00,2026-01-02 01:40:27,Yes,147,20,Yes
2026-02-19 01:42:00,2026-02-19 01:44:38,Yes,158,23,No
2025-11-08 10:00:00,2025-11-08 10:01:42,No,0,23,Yes
2025-11-28 13:58:00,2025-11-28 14:01:09,Yes,189,17,Yes
2025-10-24 21:11:00,2025-10-24 21:11:56,Yes,56,24,No
2026-01-17 05:43:00,2026-01-17 05:45:30,Yes,150,21,Yes
2025-10-18 03:27:00,2025-10-18 03:29:47,Yes,167,18,No
2026-02-19 12:35:00,2026-02-19 12:37:01,Yes,121,20,Yes
2025-10-03 11:06:00,2025-10-03 11:07:57,No,0,15,Yes
2026-01-09 04:36:00,2026-01-09 04:37:55,Yes,115,30,Yes
2025-11-03 08:15:00,2025-11-03 08:18:38,No,0,29,Yes
2026-01-25 05:58:00,2026-01-25 05:59:26,Yes,86,20,Yes
2025-10-18 12:52:00,2025-10-18 12:53:39,Yes,99,24,No
2026-02-13 16:43:00,2026-02-13 16:46:52,No,0,29,No
2026-02-25 13:49:00,2026-02-25 13:51:38,No,0,20,No
2025-11-02 01:14:00,2025-11-02 01:16:15,Yes,135,26,No
2025-10-30 20:37:00,2025-10-30 20:41:01,No,0,27,No
2026-01-04 00:48:00,2026-01-04 00:51:11,No,0,21,Yes
2025-11-25 14:51:00,2025-11-25 14:52:45,No,0,19,No
2026-01-10 08:20:00,2026-01-10 08:21:42,Yes,102,22,No
2025-12-04 16:36:00,2025-12-04 16:39:54,No,0,29,No
2025-11-22 15:48:00,2025-11-22 15:49:36,No,0,16,Yes
2025-11-07 21:50:00,2025-11-07 21:51:21,No,0,26,Yes
2025-12-29 15:52:00,2025-12-29 15:55:47,No,0,17,No
2025-12-30 17:29:00,2025-12-30 17:33:34,Yes,274,30,Yes
2025-12-30 11:18:00,2025-12-30 11:20:09,No,0,20,Yes
2025-10-26 04:58:00,2025-10-26 05:00:48,Yes,168,15,Yes
2026-02-11 12:40:00,2026-02-11 12:40:42,No,0,27,No
2026-01-26 11:50:00,2026-01-26 11:53:17,No,0,26,Yes
2026-02-10 19:59:00,2026-02-10 20:00:33,No,0,30,No
2026-02-09 01:14:00,2026-02-09 01:18:49,Yes,289,19,No
2025-12-24 22:32:00,2025-12-24 22:36:15,No,0,19,Yes
2025-11-20 03:10:00,2025-11-20 03:13:46,No,0,27,Yes
2025-10-11 01:30:00,2025-10-11 01:33:05,Yes,185,19,Yes
2026-01-16 19:25:00,2026-01-16 19:27:09,No,0,19,No
2026-02-18 19:23:00,2026-02-18 19:25:40,Yes,160,15,Yes
2025-11-11 01:16:00,2025-11-11 01:18:45,No,0,17,Yes
2026-01-28 05:39:00,2026-01-28 05:43:42,Yes,282,17,No
2025-12-27 21:03:00,2025-12-27 21:06:40,No,0,23,No
2025-12-23 17:58:00,2025-12-23 17:59:49,No,0,22,Yes
2025-10-06 14:48:00,2025-10-06 14:52:37,No,0,25,No
2026-02-05 13:48:00,2026-02-05 13:48:56,No,0,23,Yes
2025-11-07 18:56:00,2025-11-07 18:58:24,Yes,144,22,No
2025-11-09 03:21:00,2025-11-09 03:25:48,No,0,28,No
2026-01-16 19:20:00,2026-01-16 19:23:19,No,0,17,Yes
2025-11-11 21:16:00,2025-11-11 21:20:36,Yes,276,25,Yes
2026-01-20 13:51:00,2026-01-20 13:55:11,Yes,251,28,No
2025-10-08 11:23:00,2025-10-08 11:26:39,Yes,219,24,Yes
2026-02-02 16:47:00,2026-02-02 16:50:52,Yes,232,27,No
2025-11-30 09:46:00,2025-11-30 09:48:34,Yes,154,25,Yes
2025-12-23 20:15:00,2025-12-23 20:18:42,Yes,222,18,Yes
2025-10-22 00:17:00,2025-10-22 00:18:46,No,0,30,Yes
2025-11-08 01:45:00,2025-11-08 01:45:31,No,0,20,Yes
2025-11-04 09:56:00,2025-11-04 09:59:37,No,0,17,Yes
2025-11-12 10:34:00,2025-11-12 10:37:19,Yes,199,16,Yes
2025-10-11 20:58:00,2025-10-11 20:58:30,Yes,30,20,No
2026-02-03 03:40:00,2026-02-03 03:42:46,No,0,17,No
2025-11-05 02:13:00,2025-11-05 02:17:26,No,0,20,Yes
2026-02-05 20:42:00,2026-02-05 20:44:24,No,0,16,No
2025-12-26 22:41:00,2025-12-26 22:42:53,No,0,29,No
2026-02-08 10:27:00,2026-02-08 10:30:00,No,0,28,Yes
2025-12-19 22:44:00,2025-12-19 22:47:17,Yes,197,22,No
2025-11-08 05:17:00,2025-11-08 05:17:48,Yes,48,16,Yes
2025-11-07 03:40:00,2025-11-07 03:44:19,Yes,259,19,Yes
2025-12-12 11:21:00,2025-12-12 11:24:13,Yes,193,30,No
2026-01-13 04:11:00,2026-01-13 04:14:04,Yes,184,30,Yes
2026-01-02 05:20:00,2026-01-02 05:23:50,Yes,230,26,Yes
2025-10-13 01:04:00,2025-10-13 01:06:39,No,0,20,No
2026-01-27 22:28:00,2026-01-27 22:31:53,No,0,29,Yes
2025-12-23 14:24:00,2025-12-23 14:27:11,Yes,191,15,Yes
2025-12-04 14:11:00,2025-12-04 14:12:17,No,0,25,Yes
2025-10-11 04:47:00,2025-10-11 04:49:32,No,0,23,Yes
2025-11-16 14:15:00,2025-11-16 14:15:49,Yes,49,26,No
2026-01-04 11:30:00,2026-01-04 11:30:31,Yes,31,30,Yes
2025-11-24 05:02:00,2025-11-24 05:05:20,No,0,27,Yes
2026-01-20 01:20:00,2026-01-20 01:24:22,No,0,29,Yes
2025-12-12 11:21:00,2025-12-12 11:21:39,No,0,17,No
2026-01-15 15:49:00,2026-01-15 15:51:28,No,0,22,No
2025-12-07 10:14:00,2025-12-07 10:14:49,Yes,49,23,No
2025-12-07 00:08:00,2025-12-07 00:10:27,Yes,147,22,No
2025-12-01 13:33:00,2025-12-01 13:33:31,No,0,16,Yes
2025-12-10 18:16:00,2025-12-10 18:20:03,Yes,243,24,Yes
2026-02-05 19:48:00,2026-02-05 19:50:19,No,0,18,Yes
2026-01-08 19:08:00,2026-01-08 19:11:18,Yes,198,21,Yes
2026-01-18 02:43:00,2026-01-18 02:46:18,Yes,198,30,Yes
2025-10-26 04:25:00,2025-10-26 04:27:42,Yes,162,24,No
2026-01-15 05:31:00,2026-01-15 05:35:08,Yes,248,20,No
2025-10-25 09:51:00,2025-10-25 09:54:08,Yes,188,17,Yes
2025-11-01 00:06:00,2025-11-01 00:08:32,Yes,152,23,Yes
2025-10-30 15:24:00,2025-10-30 15:27:22,Yes,202,29,Yes
2026-02-01 22:48:00,2026-02-01 22:50:52,Yes,172,26,Yes
2025-12-30 06:01:00,2025-12-30 06:04:48,Yes,228,23,Yes
2025-10-23 02:09:00,2025-10-23 02:10:53,Yes,113,25,Yes
2026-02-11 23:32:00,2026-02-11 23:34:09,No,0,26,Yes
2025-12-27 13:17:00,2025-12-27 13:21:11,Yes,251,27,Yes
2025-11-12 06:29:00,2025-11-12 06:33:37,Yes,277,22,No
2026-02-20 15:37:00,2026-02-20 15:40:48,No,0,26,Yes
2025-10-11 01:14:00,2025-10-11 01:18:21,Yes,261,15,No
2025-10-05 22:41:00,2025-10-05 22:44:40,No,0,28,Yes
2025-12-20 15:49:00,2025-12-20 15:50:13,Yes,73,18,Yes
2025-11-04 16:09:00,2025-11-04 16:13:43,No,0,18,Yes
2025-12-21 08:23:00,2025-12-21 08:26:09,No,0,24,Yes
2025-10-28 01:52:00,2025-10-28 01:55:03,Yes,183,23,No
2025-11-09 09:34:00,2025-11-09 09:37:24,No,0,17,No
2025-10-20 17:00:00,2025-10-20 17:03:07,No,0,28,Yes
2025-10-07 09:43:00,2025-10-07 09:46:17,Yes,197,17,Yes
2026-02-12 20:34:00,2026-02-12 20:35:21,No,0,18,Yes
2025-12-07 11:23:00,2025-12-07 11:26:12,Yes,192,20,Yes
2026-02-27 02:41:00,2026-02-27 02:43:28,Yes,148,23,No
2026-02-18 18:28:00,2026-02-18 18:29:10,No,0,24,Yes
2026-01-12 01:23:00,2026-01-12 01:26:09,No,0,17,No
2025-12-08 01:46:00,2025-12-08 01:47:40,Yes,100,18,Yes
2025-10-28 16:16:00,2025-10-28 16:16:51,No,0,26,No
2026-02-16 03:38:00,2026-02-16 03:40:45,Yes,165,22,Yes
2025-12-25 05:44:00,2025-12-25 05:46:04,Yes,124,15,No
2025-11-25 04:19:00,2025-11-25 04:20:56,Yes,116,28,Yes
2026-02-11 09:19:00,2026-02-11 09:21:06,No,0,22,Yes
2026-01-19 07:12:00,2026-01-19 07:15:48,Yes,228,24,No
2025-11-04 13:48:00,2025-11-04 13:52:00,No,0,23,Yes
2025-11-01 14:20:00,2025-11-01 14:22:40,No,0,15,Yes
2026-01-12 20:09:00,2026-01-12 20:11:07,No,0,19,Yes
2026-02-26 04:05:00,2026-02-26 04:07:37,Yes,157,16,Yes
2025-12-03 01:35:00,2025-12-03 01:36:06,No,0,19,Yes
2025-12-10 03:50:00,2025-12-10 03:50:31,Yes,31,18,Yes
2026-01-14 03:39:00,2026-01-14 03:42:24,Yes,204,29,Yes
2025-11-07 22:07:00,2025-11-07 22:08:33,No,0,25,No
2026-01-05 22:30:00,2026-01-05 22:34:55,No,0,29,Yes
2025-11-07 07:03:00,2025-11-07 07:06:49,No,0,21,Yes
2026-02-03 16:41:00,2026-02-03 16:43:50,No,0,16,No
2025-10-01 14:47:00,2025-10-01 14:51:27,Yes,267,16,Yes
2026-01-26 17:53:00,2026-01-26 17:55:58,Yes,178,28,Yes
2025-12-13 04:48:00,2025-12-13 04:50:55,No,0,20,No
2025-10-04 16:09:00,2025-10-04 16:10:03,No,0,26,No
2025-11-27 15:20:00,2025-11-27 15:22:12,No,0,30,No
2025-12-09 05:28:00,2025-12-09 05:32:35,Yes,275,29,Yes
2025-10-05 08:00:00,2025-10-05 08:04:38,No,0,22,Yes
2025-10-29 09:08:00,2025-10-29 09:11:39,No,0,18,No
2026-02-10 10:35:00,2026-02-10 10:38:56,Yes,236,17,Yes
2025-12-01 09:39:00,2025-12-01 09:41:39,Yes,159,20,No
2026-02-13 00:06:00,2026-02-13 00:07:46,Yes,106,25,No
2026-02-23 11:38:00,2026-02-23 11:38:30,No,0,21,Yes
2025-10-28 10:27:00,2025-10-28 10:31:07,No,0,23,Yes
2026-01-11 22:51:00,2026-01-11 22:54:32,Yes,212,27,No
2025-11-20 08:21:00,2025-11-20 08:24:16,Yes,196,25,No
2026-01-29 08:13:00,2026-01-29 08:16:20,No,0,22,No
2026-02-21 00:33:00,2026-02-21 00:34:09,Yes,69,19,Yes
2026-01-14 01:29:00,2026-01-14 01:31:14,No,0,28,Yes
2025-10-27 23:14:00,2025-10-27 23:18:15,Yes,255,22,Yes
2025-11-25 12:39:00,2025-11-25 12:40:19,Yes,79,23,Yes
2026-02-28 13:57:00,2026-02-28 13:58:31,No,0,29,Yes
2025-10-24 11:37:00,2025-10-24 11:39:31,Yes,151,17,No
2026-02-15 21:28:00,2026-02-15 21:30:33,Yes,153,30,No
2026-02-16 05:42:00,2026-02-16 05:42:33,No,0,21,No
2025-12-24 03:24:00,2025-12-24 03:25:15,Yes,75,23,Yes
2026-01-18 23:46:00,2026-01-18 23:49:28,No,0,29,Yes
2025-10-07 03:19:00,2025-10-07 03:19:40,No,0,21,Yes
2025-11-10 07:59:00,2025-11-10 07:59:53,Yes,53,21,Yes
2025-11-20 04:31:00,2025-11-20 04:34:01,No,0,16,No
2025-11-27 21:06:00,2025-11-27 21:07:38,Yes,98,18,Yes
2026-01-02 21:24:00,2026-01-02 21:27:03,No,0,19,Yes
2025-11-10 16:10:00,2025-11-10 16:13:43,Yes,223,20,No
2025-10-09 18:11:00,2025-10-09 18:12:59,No,0,18,Yes
2025-11-10 07:13:00,2025-11-10 07:14:07,Yes,67,28,Yes
2026-01-20 07:49:00,2026-01-20 07:50:55,No,0,25,No
2025-11-10 20:17:00,2025-11-10 20:19:20,No,0,28,Yes
2026-01-22 09:31:00,2026-01-22 09:34:11,No,0,21,Yes
2025-11-20 13:51:00,2025-11-20 13:54:01,No,0,29,Yes
2026-02-26 03:56:00,2026-02-26 03:57:34,Yes,94,22,Yes
2026-02-21 16:21:00,2026-02-21 16:24:52,Yes,232,16,Yes
2026-02-15 07:54:00,2026-02-15 07:55:34,Yes,94,16,Yes
2025-12-01 18:23:00,2025-12-01 18:24:12,No,0,17,No
2025-12-06 11:20:00,2025-12-06 11:21:39,Yes,99,16,No
2026-02-03 07:00:00,2026-02-03 07:01:41,Yes,101,17,Yes
2026-01-22 02:26:00,2026-01-22 02:30:06,Yes,246,25,No
2025-11-12 23:15:00,2025-11-12 23:17:51,No,0,15,Yes
2025-10-03 00:55:00,2025-10-03 00:55:42,Yes,42,17,No
2025-11-12 21:44:00,2025-11-12 21:45:11,Yes,71,21,No
2025-10-26 14:59:00,2025-10-26 15:02:40,Yes,220,15,Yes
2025-12-30 10:40:00,2025-12-30 10:43:44,Yes,224,24,No
2025-12-06 05:26:00,2025-12-06 05:27:13,Yes,73,30,No
2026-02-03 17:49:00,2026-02-03 17:50:09,Yes,69,20,No
2026-02-06 21:13:00,2026-02-06 21:13:51,No,0,27,No
2025-10-11 17:18:00,2025-10-11 17:22:12,No,0,15,Yes
2025-10-13 00:05:00,2025-10-13 00:07:43,Yes,163,27,No
2025-12-27 03:01:00,2025-12-27 03:04:35,No,0,19,No
2026-01-05 19:13:00,2026-01-05 19:14:32,Yes,92,28,Yes
2025-12-08 17:27:00,2025-12-08 17:29:26,No,0,26,Yes
2026-01-02 10:35:00,2026-01-02 10:36:57,No,0,16,Yes
2026-01-29 01:48:00,2026-01-29 01:51:58,Yes,238,22,No
2026-02-20 15:42:00,2026-02-20 15:45:31,Yes,211,20,Yes
2025-10-17 02:04:00,2025-10-17 02:06:47,Yes,167,18,No
2025-12-04 18:02:00,2025-12-04 18:03:33,Yes,93,23,No
2025-11-15 18:41:00,2025-11-15 18:45:32,No,0,22,Yes
2026-01-05 06:24:00,2026-01-05 06:29:00,Yes,300,27,No
2025-12-02 05:17:00,2025-12-02 05:18:03,Yes,63,27,No
2025-11-13 17:48:00,2025-11-13 17:51:07,No,0,24,Yes
2025-10-06 08:17:00,2025-10-06 08:21:04,Yes,244,26,No
2025-11-24 03:33:00,2025-11-24 03:36:08,No,0,17,No
2025-10-11 13:19:00,2025-10-11 13:21:59,No,0,20,No
2026-01-04 09:55:00,2026-01-04 09:55:51,Yes,51,27,Yes
2026-01-03 11:36:00,2026-01-03 11:38:05,No,0,21,Yes
2025-10-22 16:02:00,2025-10-22 16:05:43,No,0,28,No
2025-12-14 17:30:00,2025-12-14 17:34:48,Yes,288,22,Yes
2026-01-03 08:14:00,2026-01-03 08:18:46,Yes,286,23,No
2025-11-04 15:53:00,2025-11-04 15:54:01,No,0,16,No
2025-10-15 09:56:00,2025-10-15 09:58:32,Yes,152,21,Yes
2025-12-30 06:37:00,2025-12-30 06:41:59,No,0,25,Yes
2026-01-10 07:34:00,2026-01-10 07:35:42,Yes,102,17,Yes
2026-01-25 17:57:00,2026-01-25 18:01:28,Yes,268,16,Yes
2025-12-01 20:15:00,2025-12-01 20:16:16,Yes,76,30,Yes
2025-11-04 13:49:00,2025-11-04 13:52:15,Yes,195,16,No
2025-10-09 02:37:00,2025-10-09 02:38:12,No,0,25,No
2025-10-25 15:45:00,2025-10-25 15:49:46,No,0,15,Yes
2025-11-17 07:07:00,2025-11-17 07:07:43,Yes,43,18,No
2026-01-15 03:49:00,2026-01-15 03:50:35,Yes,95,22,No
2025-12-25 16:07:00,2025-12-25 16:11:44,No,0,24,Yes
2026-01-15 00:06:00,2026-01-15 00:08:19,No,0,26,No
2025-11-04 01:58:00,2025-11-04 01:59:09,No,0,17,Yes
2026-02-12 21:49:00,2026-02-12 21:51:56,Yes,176,24,Yes
2025-11-29 13:33:00,2025-11-29 13:37:34,No,0,15,Yes
2026-01-13 06:38:00,2026-01-13 06:39:57,Yes,117,21,Yes
2025-10-19 08:11:00,2025-10-19 08:15:21,No,0,25,No
2026-01-16 02:37:00,2026-01-16 02:38:17,No,0,16,No
2025-11-03 17:44:00,2025-11-03 17:47:58,Yes,238,26,Yes
2025-12-26 08:06:00,2025-12-26 08:10:42,No,0,28,No
2025-10-12 17:43:00,2025-10-12 17:44:19,Yes,79,19,No
2025-10-05 01:26:00,2025-10-05 01:28:08,Yes,128,21,No
2026-01-08 13:34:00,2026-01-08 13:35:15,Yes,75,27,Yes
2026-01-25 02:28:00,2026-01-25 02:31:14,Yes,194,18,Yes
2025-11-25 08:40:00,2025-11-25 08:43:24,No,0,16,No
2026-02-08 18:46:00,2026-02-08 18:48:03,No,0,18,No
2026-02-02 14:29:00,2026-02-02 14:30:43,Yes,103,23,No
2025-10-11 03:57:00,2025-10-11 03:59:33,No,0,15,No
2025-11-19 11:41:00,2025-11-19 11:44:02,Yes,182,30,Yes
2026-01-13 01:34:00,2026-01-13 01:36:18,Yes,138,26,Yes
2025-10-14 03:29:00,2025-10-14 03:32:39,No,0,15,Yes
2026-02-07 12:34:00,2026-02-07 12:35:03,No,0,24,Yes
2025-10-05 15:27:00,2025-10-05 15:29:40,Yes,160,27,No
2026-02-24 12:49:00,2026-02-24 12:52:01,No,0,17,No
2025-11-07 18:16:00,2025-11-07 18:19:37,No,0,22,Yes
2025-12-24 19:17:00,2025-12-24 19:18:22,No,0,15,No
2026-02-23 21:07:00,2026-02-23 21:09:09,Yes,129,21,Yes
2025-11-17 07:36:00,2025-11-17 07:39:00,Yes,180,28,No
2026-02-22 19:06:00,2026-02-22 19:06:58,No,0,15,No
2025-11-09 13:35:00,2025-11-09 13:36:30,No,0,28,Yes
2026-01-22 05:56:00,2026-01-22 05:58:20,No,0,22,Yes
2025-12-23 22:52:00,2025-12-23 22:55:35,Yes,215,19,Yes
2025-12-12 00:06:00,2025-12-12 00:09:26,No,0,18,Yes
2026-02-22 20:49:00,2026-02-22 20:53:12,No,0,15,Yes
2026-01-12 20:09:00,2026-01-12 20:12:33,Yes,213,28,No
2025-10-24 18:47:00,2025-10-24 18:50:45,No,0,26,No
2025-10-19 07:23:00,2025-10-19 07:23:37,No,0,28,Yes
2025-11-07 06:29:00,2025-11-07 06:34:00,No,0,25,Yes
2025-12-04 06:33:00,2025-12-04 06:35:46,No,0,19,Yes
2026-02-28 10:36:00,2026-02-28 10:40:50,No,0,16,Yes
2025-11-12 16:19:00,2025-11-12 16:21:24,Yes,144,15,No
2026-01-09 13:17:00,2026-01-09 13:18:02,Yes,62,18,No
2026-02-06 06:53:00,2026-02-06 06:54:08,Yes,68,21,No
2025-10-07 01:38:00,2025-10-07 01:39:03,No,0,16,No
2025-10-21 10:00:00,2025-10-21 10:01:07,No,0,16,No
2026-01-13 06:02:00,2026-01-13 06:06:57,Yes,297,29,No
2025-11-06 01:43:00,2025-11-06 01:46:38,Yes,218,23,No
2025-10-05 16:54:00,2025-10-05 16:58:15,No,0,24,No
2025-11-11 01:59:00,2025-11-11 02:03:19,Yes,259,27,No
2025-11-03 20:21:00,2025-11-03 20:22:40,No,0,15,Yes
2026-02-03 21:20:00,2026-02-03 21:24:32,No,0,16,Yes
2026-02-22 23:52:00,2026-02-22 23:53:04,No,0,15,No
2026-02-12 23:01:00,2026-02-12 23:03:44,Yes,164,21,Yes
2025-11-21 15:29:00,2025-11-21 15:31:28,Yes,148,19,No
2025-12-31 05:50:00,2025-12-31 05:52:13,No,0,27,Yes
2026-01-28 18:35:00,2026-01-28 18:36:10,No,0,15,Yes
2025-11-12 23:08:00,2025-11-12 23:09:22,Yes,82,20,Yes
2026-01-06 03:50:00,2026-01-06 03:52:22,No,0,22,No
2025-11-03 15:57:00,2025-11-03 16:01:43,No,0,27,Yes
2025-11-18 07:26:00,2025-11-18 07:30:19,Yes,259,24,No
2025-12-07 20:13:00,2025-12-07 20:13:55,Yes,55,25,Yes
2025-11-06 13:30:00,2025-11-06 13:33:00,Yes,180,18,No
2025-12-10 09:43:00,2025-12-10 09:43:57,Yes,57,29,Yes
2025-12-04 03:28:00,2025-12-04 03:31:53,No,0,18,Yes
2026-01-27 17:03:00,2026-01-27 17:07:52,Yes,292,20,Yes
2025-10-04 05:30:00,2025-10-04 05:31:17,No,0,20,Yes
2025-11-19 08:54:00,2025-11-19 08:58:55,No,0,20,No
2026-02-03 23:26:00,2026-02-03 23:30:14,Yes,254,28,Yes
2026-02-16 08:17:00,2026-02-16 08:18:28,Yes,88,25,No
2025-10-08 11:33:00,2025-10-08 11:35:27,No,0,15,No
2026-02-28 18:35:00,2026-02-28 18:39:09,No,0,18,No
2026-01-31 23:53:00,2026-01-31 23:54:01,No,0,30,Yes
2026-01-12 17:41:00,2026-01-12 17:42:45,Yes,105,26,Yes
2026-01-05 18:27:00,2026-01-05 18:28:43,Yes,103,20,Yes
2025-11-27 21:28:00,2025-11-27 21:31:28,No,0,20,Yes
2026-01-09 23:10:00,2026-01-09 23:13:37,Yes,217,25,No
2025-10-27 23:26:00,2025-10-27 23:28:45,No,0,19,Yes
2026-02-11 22:13:00,2026-02-11 22:14:59,Yes,119,19,No
2026-02-23 13:34:00,2026-02-23 13:38:23,Yes,263,23,Yes
2026-01-19 21:16:00,2026-01-19 21:18:57,Yes,177,20,Yes
2025-10-10 11:17:00,2025-10-10 11:17:47,Yes,47,28,No
2026-02-07 09:57:00,2026-02-07 09:58:36,No,0,25,Yes
2025-10-22 09:40:00,2025-10-22 09:43:27,No,0,29,Yes
2026-01-21 03:07:00,2026-01-21 03:10:32,Yes,212,22,No
2026-01-23 13:19:00,2026-01-23 13:23:34,Yes,274,20,Yes
2026-01-24 09:22:00,2026-01-24 09:25:44,Yes,224,17,No
2026-02-04 20:50:00,2026-02-04 20:54:42,No,0,19,No
2026-02-07 16:58:00,2026-02-07 16:59:48,Yes,108,25,Yes
2026-02-04 01:18:00,2026-02-04 01:21:12,Yes,192,27,Yes
2025-11-30 12:35:00,2025-11-30 12:35:56,No,0,15,No
2026-01-08 13:00:00,2026-01-08 13:03:19,No,0,16,Yes
2025-11-01 05:43:00,2025-11-01 05:45:53,Yes,173,25,No
2025-12-08 08:34:00,2025-12-08 08:36:03,No,0,29,No
2025-11-20 04:47:00,2025-11-20 04:50:30,No,0,20,Yes
2025-11-04 23:19:00,2025-11-04 23:21:47,No,0,22,Yes
2026-02-17 19:32:00,2026-02-17 19:33:22,No,0,27,Yes
2025-12-06 02:43:00,2025-12-06 02:46:17,Yes,197,25,No
2025-11-15 11:43:00,2025-11-15 11:46:49,Yes,229,20,No
2026-02-28 07:33:00,2026-02-28 07:35:23,No,0,26,Yes
2025-11-27 17:13:00,2025-11-27 17:14:24,No,0,26,No
2025-10-07 22:02:00,2025-10-07 22:06:40,No,0,27,No
2025-10-05 20:49:00,2025-10-05 20:52:14,No,0,24,No
2025-11-27 00:15:00,2025-11-27 00:17:09,No,0,18,Yes
2025-10-29 16:25:00,2025-10-29 16:29:37,Yes,277,16,Yes
2026-02-11 11:23:00,2026-02-11 11:25:30,No,0,16,Yes
2026-01-02 07:10:00,2026-01-02 07:13:51,No,0,17,No
2025-12-15 15:29:00,2025-12-15 15:30:25,No,0,25,Yes
2025-10-28 07:23:00,2025-10-28 07:24:58,No,0,21,No
2026-01-30 17:54:00,2026-01-30 17:55:19,Yes,79,28,No
2025-12-21 01:33:00,2025-12-21 01:33:38,No,0,19,Yes
2025-12-12 02:58:00,2025-12-12 02:58:48,No,0,20,No
2026-01-07 21:00:00,2026-01-07 21:05:00,Yes,300,30,Yes
2025-11-03 16:18:00,2025-11-03 16:18:33,No,0,26,Yes
2025-11-30 17:33:00,2025-11-30 17:37:59,No,0,27,Yes
2025-11-05 11:17:00,2025-11-05 11:21:09,No,0,16,No
2026-02-27 17:17:00,2026-02-27 17:21:02,No,0,29,No
2025-12-16 05:43:00,2025-12-16 05:44:40,No,0,25,No
2025-12-11 18:28:00,2025-12-11 18:31:23,No,0,26,No
2025-12-13 06:04:00,2025-12-13 06:08:47,Yes,287,24,Yes
2025-10-22 23:39:00,2025-10-22 23:43:09,No,0,15,Yes
2025-10-02 01:20:00,2025-10-02 01:20:51,Yes,51,24,No
2025-11-28 20:00:00,2025-11-28 20:02:28,Yes,148,22,Yes
2025-10-30 11:07:00,2025-10-30 11:10:12,Yes,192,21,Yes
2025-12-22 11:36:00,2025-12-22 11:40:36,Yes,276,21,No
2026-02-20 06:13:00,2026-02-20 06:14:21,No,0,24,No
2026-02-11 17:54:00,2026-02-11 17:57:46,No,0,30,Yes
2026-02-05 23:33:00,2026-02-05 23:35:23,No,0,29,No
2025-12-14 21:57:00,2025-12-14 22:01:01,Yes,241,15,Yes
2026-01-02 17:35:00,2026-01-02 17:36:55,No,0,24,Yes
2025-10-18 17:56:00,2025-10-18 17:58:21,Yes,141,18,Yes
2025-11-18 02:08:00,2025-11-18 02:09:34,Yes,94,19,Yes
2025-12-18 21:18:00,2025-12-18 21:19:17,Yes,77,27,Yes
2025-10-24 17:44:00,2025-10-24 17:46:35,No,0,23,No
2025-11-10 06:57:00,2025-11-10 07:01:27,No,0,15,Yes
2026-01-29 13:47:00,2026-01-29 13:51:55,Yes,295,29,Yes
2025-11-16 11:56:00,2025-11-16 12:00:35,No,0,25,No
2026-01-01 19:11:00,2026-01-01 19:13:46,No,0,19,No
2025-11-09 19:29:00,2025-11-09 19:29:46,No,0,19,Yes
2026-02-08 22:51:00,2026-02-08 22:55:22,No,0,22,Yes
2026-01-09 01:48:00,2026-01-09 01:50:03,No,0,18,No
2025-11-14 02:09:00,2025-11-14 02:13:24,Yes,264,21,No
2025-11-25 19:16:00,2025-11-25 19:18:05,Yes,125,25,Yes
2025-11-14 05:17:00,2025-11-14 05:19:19,No,0,20,Yes
2026-01-18 11:09:00,2026-01-18 11:10:08,No,0,22,Yes
2025-11-30 05:41:00,2025-11-30 05:44:16,No,0,22,Yes
2025-12-21 18:58:00,2025-12-21 19:01:07,No,0,28,Yes
2026-02-03 22:00:00,2026-02-03 22:04:27,No,0,22,Yes
2026-01-09 09:53:00,2026-01-09 09:55:36,Yes,156,25,No
2025-12-04 19:42:00,2025-12-04 19:46:45,Yes,285,20,No
2026-02-27 14:58:00,2026-02-27 14:58:31,Yes,31,20,No
2025-10-18 05:31:00,2025-10-18 05:31:58,No,0,22,No
2026-02-12 16:59:00,2026-02-12 17:00:27,Yes,87,30,No
2025-11-05 19:46:00,2025-11-05 19:50:55,Yes,295,19,Yes
2025-10-08 23:02:00,2025-10-08 23:03:20,Yes,80,26,No
2025-10-14 18:42:00,2025-10-14 18:44:06,Yes,126,16,Yes
2025-12-07 18:55:00,2025-12-07 18:59:40,No,0,29,No
2025-11-23 23:39:00,2025-11-23 23:42:40,No,0,20,Yes
2026-02-14 13:27:00,2026-02-14 13:28:01,Yes,61,21,Yes
2025-12-11 10:18:00,2025-12-11 10:20:30,No,0,17,No
2025-10-29 15:42:00,2025-10-29 15:43:04,No,0,20,Yes
2026-02-24 03:11:00,2026-02-24 03:11:41,Yes,41,20,No
2025-10-07 03:09:00,2025-10-07 03:12:05,Yes,185,30,No
2026-02-08 06:34:00,2026-02-08 06:34:59,Yes,59,15,No
2026-01-29 02:49:00,2026-01-29 02:51:17,No,0,17,Yes
2025-11-07 13:34:00,2025-11-07 13:34:54,Yes,54,19,Yes
2025-11-23 05:22:00,2025-11-23 05:23:30,No,0,28,No
2025-11-05 01:49:00,2025-11-05 01:50:28,Yes,88,18,Yes
2026-01-06 13:44:00,2026-01-06 13:45:23,Yes,83,20,Yes
2025-10-31 21:04:00,2025-10-31 21:04:46,No,0,19,No
2026-02-13 14:56:00,2026-02-13 14:58:37,Yes,157,21,Yes
2025-12-15 19:31:00,2025-12-15 19:33:08,No,0,27,No
2025-11-23 18:18:00,2025-11-23 18:18:36,Yes,36,29,No
2026-02-11 03:32:00,2026-02-11 03:33:46,No,0,20,Yes
2025-10-24 09:42:00,2025-10-24 09:42:41,No,0,19,No
2025-10-03 19:40:00,2025-10-03 19:43:17,Yes,197,19,No
2026-01-05 04:23:00,2026-01-05 04:23:38,Yes,38,26,No
2026-01-06 02:15:00,2026-01-06 02:15:30,Yes,30,26,Yes
2026-02-27 16:56:00,2026-02-27 16:56:38,Yes,38,22,No
2025-10-31 04:50:00,2025-10-31 04:52:51,Yes,171,28,No
2026-02-18 11:08:00,2026-02-18 11:11:37,No,0,24,Yes
2025-11-24 00:55:00,2025-11-24 00:57:42,Yes,162,19,Yes
2025-11-06 16:26:00,2025-11-06 16:26:57,No,0,18,No
2025-11-11 16:21:00,2025-11-11 16:23:28,No,0,23,Yes
2025-11-12 20:26:00,2025-11-12 20:27:01,No,0,17,No
2026-01-18 20:09:00,2026-01-18 20:09:41,No,0,22,Yes
2025-11-02 09:36:00,2025-11-02 09:37:24,No,0,25,No
2025-11-10 23:21:00,2025-11-10 23:21:33,Yes,33,24,Yes
2025-12-03 02:00:00,2025-12-03 02:01:33,Yes,93,26,No
2026-02-05 19:15:00,2026-02-05 19:19:21,No,0,28,No
2025-10-17 12:39:00,2025-10-17 12:43:16,No,0,26,No
2026-01-17 05:53:00,2026-01-17 05:55:36,No,0,30,Yes
2025-11-05 08:34:00,2025-11-05 08:38:26,No,0,15,Yes
2025-10-12 18:56:00,2025-10-12 18:57:00,Yes,60,18,Yes
2025-11-23 00:54:00,2025-11-23 00:58:01,Yes,241,18,No
2026-01-11 09:25:00,2026-01-11 09:26:16,No,0,20,No
2026-02-10 01:27:00,2026-02-10 01:27:36,Yes,36,26,No
2025-10-28 05:03:00,2025-10-28 05:03:45,Yes,45,25,Yes
2026-01-27 02:52:00,2026-01-27 02:54:10,Yes,130,28,No
2025-10-27 08:24:00,2025-10-27 08:24:57,No,0,22,No
2025-10-21 01:37:00,2025-10-21 01:39:57,No,0,23,No
2025-12-16 06:48:00,2025-12-16 06:51:55,Yes,235,18,Yes
2025-10-07 00:35:00,2025-10-07 00:39:12,Yes,252,26,No
2026-01-23 14:32:00,2026-01-23 14:36:09,No,0,30,Yes
2025-11-22 04:06:00,2025-11-22 04:06:32,No,0,21,Yes
2026-01-12 05:20:00,2026-01-12 05:24:15,No,0,28,No
